                  epoch,         train/box_loss,         train/cls_loss,         train/dfl_loss,   metrics/precision(B),      metrics/recall(B),       metrics/mAP50(B),    metrics/mAP50-95(B),           val/box_loss,           val/cls_loss,           val/dfl_loss,                 lr/pg0,                 lr/pg1,                 lr/pg2
                      0,                 3.1535,                 3.8923,                 2.1686,                0.02246,                0.08541,                0.01399,                0.00484,                 2.9029,                    inf,                 2.0189,                0.00014,                0.00014,                0.00014
                      1,                 2.2047,                  1.897,                 1.5676,                0.68434,                0.28537,                0.33236,                0.11232,                 2.8929,                 2.2247,                 2.0451,             0.00029851,             0.00029851,             0.00029851
                      2,                 1.2992,                0.69231,                 1.1297,                0.90286,                0.58739,                0.65162,                0.28435,                 2.1907,                    inf,                 1.7171,             0.00045545,             0.00045545,             0.00045545
                      3,                 1.1793,                0.60466,                 1.0864,                0.79663,                0.63778,                0.67904,                0.30497,                  2.009,                 1.4974,                 1.4567,             0.00061079,             0.00061079,             0.00061079
                      4,                 1.0865,                0.57575,                 1.0021,                0.93534,                0.84808,                0.90391,                0.54832,                 1.3928,                    inf,                 1.1912,             0.00076456,             0.00076456,             0.00076456
                      5,                 1.0379,                0.53722,                  1.001,                0.96993,                0.90556,                0.95328,                0.64877,                 1.2244,                    inf,                 1.1143,             0.00091674,             0.00091674,             0.00091674
                      6,                0.97399,                0.50045,                0.97572,                0.99004,                0.94945,                 0.9701,                0.73577,                0.98411,                    inf,                0.98631,              0.0010673,              0.0010673,              0.0010673
                      7,                0.98552,                0.50387,                0.98119,                0.79685,                0.89574,                0.81477,                0.34032,                 1.7827,                    inf,                 1.4975,              0.0012163,              0.0012163,              0.0012163
                      8,                0.93818,                0.51969,                0.97246,                0.97177,                0.92175,                0.96323,                0.58918,                 1.3099,                 0.7507,                 1.1686,              0.0013638,              0.0013638,              0.0013638
                      9,                0.97425,                0.49283,                 1.0051,                0.98749,                0.96343,                0.98569,                0.68705,                  1.023,                0.65624,                 1.0259,              0.0015096,              0.0015096,              0.0015096
                     10,                0.91287,                 0.4756,                0.96799,                0.99103,                  0.963,                0.98249,                0.70792,                 1.0741,                0.59682,                 1.0474,              0.0016539,              0.0016539,              0.0016539
                     11,                 1.0293,                0.51366,                0.99426,                0.98357,                0.97707,                0.98907,                0.62465,                 1.3296,                0.84022,                 1.1243,              0.0017965,              0.0017965,              0.0017965
                     12,                 1.0281,                 0.5313,                0.96423,                0.97434,                0.94475,                0.96894,                0.62038,                 1.3778,                 0.6241,                 1.0842,              0.0018812,              0.0018812,              0.0018812
                     13,                 1.0435,                0.50019,                 0.9734,                0.98802,                 0.9512,                0.97454,                0.54041,                 1.7374,                0.72322,                 1.4762,              0.0018812,              0.0018812,              0.0018812
                     14,                 0.9311,                 0.4826,                0.95083,                0.98847,                0.98621,                0.99386,                0.80485,                0.78469,                0.45542,                0.91228,              0.0018713,              0.0018713,              0.0018713
                     15,                 0.7716,                0.43481,                0.91327,                0.99453,                0.96562,                0.98695,                0.84178,                0.69723,                0.40824,                0.88082,              0.0018614,              0.0018614,              0.0018614
                     16,                0.77875,                0.43192,                0.90671,                 0.9895,                0.98554,                0.99426,                0.78983,                0.98761,                0.56511,                 1.0209,              0.0018515,              0.0018515,              0.0018515
                     17,                0.84823,                0.44519,                0.92538,                0.99684,                0.96562,                0.98062,                0.76562,                 1.0206,                0.49785,                 1.0446,              0.0018416,              0.0018416,              0.0018416
                     18,                0.83288,                0.42003,                0.93927,                0.99303,                0.98637,                0.99458,                0.78869,                0.99389,                0.45031,                 1.0119,              0.0018317,              0.0018317,              0.0018317
                     19,                0.77074,                0.41893,                0.90888,                0.99725,                0.98051,                0.99192,                0.87155,                 0.6594,                0.35959,                0.87393,              0.0018218,              0.0018218,              0.0018218
                     20,                0.78962,                0.43348,                0.91908,                0.99467,                0.97514,                0.99139,                0.78917,                0.93824,                0.45488,                 1.0159,              0.0018119,              0.0018119,              0.0018119
                     21,                0.78465,                0.42752,                0.90761,                 0.9964,                0.97306,                0.99126,                0.84853,                0.81112,                0.40259,                0.93193,               0.001802,               0.001802,               0.001802
                     22,                0.80705,                0.41723,                0.91195,                0.99551,                 0.9844,                0.99455,                0.75586,                 1.0934,                0.46719,                 1.0104,              0.0017921,              0.0017921,              0.0017921
                     23,                0.72823,                 0.3954,                0.89578,                0.99507,                 0.9794,                0.99197,                0.86618,                0.67222,                0.35092,                0.88448,              0.0017822,              0.0017822,              0.0017822
                     24,                0.65291,                0.36993,                0.87699,                0.99573,                0.98051,                0.99108,                 0.8733,                0.62198,                0.32547,                0.87007,              0.0017723,              0.0017723,              0.0017723
                     25,                0.62863,                0.35983,                0.86408,                 0.9984,                0.97053,                0.98958,                 0.8897,                0.60267,                0.31551,                0.85797,              0.0017624,              0.0017624,              0.0017624
                     26,                0.66856,                 0.3677,                 0.8642,                0.99701,                0.98099,                0.99265,                 0.8849,                0.58973,                0.32064,                0.84198,              0.0017525,              0.0017525,              0.0017525
                     27,                0.72071,                0.38142,                0.87374,                0.99649,                0.98923,                0.99478,                0.84432,                0.75589,                0.36209,                0.87545,              0.0017426,              0.0017426,              0.0017426
                     28,                0.72779,                0.38117,                0.88873,                0.99583,                0.98511,                0.99434,                0.87765,                0.64414,                 0.3434,                0.86622,              0.0017327,              0.0017327,              0.0017327
                     29,                0.65904,                0.36303,                0.87224,                0.99598,                0.98266,                0.99437,                0.89416,                0.56078,                0.30797,                0.85026,              0.0017228,              0.0017228,              0.0017228
                     30,                0.68003,                0.36386,                0.87645,                0.99575,                0.98621,                 0.9947,                0.86717,                0.72265,                0.35373,                0.87511,              0.0017129,              0.0017129,              0.0017129
                     31,                0.68944,                0.37622,                0.87264,                0.99742,                0.98225,                0.99379,                0.85242,                0.69569,                0.33993,                0.86968,               0.001703,               0.001703,               0.001703
                     32,                0.61782,                0.34856,                 0.8617,                0.99663,                0.98449,                0.99324,                0.83695,                0.79957,                0.35403,                0.90023,              0.0016931,              0.0016931,              0.0016931
                     33,                0.62877,                0.35271,                0.85892,                0.99763,                0.96926,                0.98642,                0.88281,                 0.5936,                0.31472,                 0.8516,              0.0016832,              0.0016832,              0.0016832
                     34,                0.60132,                0.34331,                0.85327,                0.99646,                 0.9817,                0.99051,                0.88285,                0.60499,                0.31666,                0.85418,              0.0016733,              0.0016733,              0.0016733
                     35,                0.66049,                0.35375,                0.87159,                0.99726,                   0.98,                0.98994,                0.85554,                0.68671,                0.33447,                0.88387,              0.0016634,              0.0016634,              0.0016634
                     36,                0.63368,                0.34791,                0.85561,                0.99659,                0.97355,                0.98936,                0.88122,                0.62358,                0.30737,                0.86159,              0.0016535,              0.0016535,              0.0016535
                     37,                0.59793,                0.33359,                0.84833,                0.99676,                0.97417,                0.98886,                 0.8615,                0.76469,                0.34085,                0.87847,              0.0016436,              0.0016436,              0.0016436
                     38,                0.59906,                0.33476,                0.84922,                0.99511,                0.98479,                0.99277,                0.88461,                0.61704,                  0.311,                0.86141,              0.0016337,              0.0016337,              0.0016337
                     39,                0.56942,                0.32299,                0.84874,                 0.9983,                 0.9794,                0.99112,                0.90672,                0.52897,                0.28061,                 0.8345,              0.0016238,              0.0016238,              0.0016238
                     40,                0.59626,                0.32646,                0.84632,                0.99775,                0.98335,                0.99142,                0.92108,                0.51547,                0.28626,                0.83053,              0.0016139,              0.0016139,              0.0016139
                     41,                0.54161,                0.32499,                0.84411,                0.99741,                 0.9774,                 0.9905,                0.90914,                0.53773,                0.30585,                0.83773,               0.001604,               0.001604,               0.001604
                     42,                0.58323,                0.33415,                0.85014,                0.99857,                0.98051,                0.99255,                0.89567,                0.54143,                0.30128,                0.83431,              0.0015941,              0.0015941,              0.0015941
                     43,                 0.6597,                 0.3519,                0.86733,                0.99622,                0.96514,                0.98477,                0.87773,                0.58805,                0.29891,                0.85529,              0.0015842,              0.0015842,              0.0015842
                     44,                0.64118,                0.34454,                0.85786,                0.99737,                0.97512,                 0.9888,                0.88004,                0.60082,                0.31187,                0.84954,              0.0015743,              0.0015743,              0.0015743
                     45,                0.69948,                 0.3535,                0.86917,                 0.9963,                0.98156,                 0.9895,                0.80266,                0.90101,                0.36443,                0.95373,              0.0015644,              0.0015644,              0.0015644
                     46,                0.61208,                0.33293,                0.85505,                 0.9963,                0.98199,                0.99158,                0.86886,                0.62924,                0.32013,                0.86408,              0.0015545,              0.0015545,              0.0015545
                     47,                0.59941,                0.32781,                0.85174,                0.99718,                0.98542,                0.99468,                 0.8875,                0.63874,                0.30582,                0.86142,              0.0015446,              0.0015446,              0.0015446
                     48,                 0.6323,                0.33653,                0.85775,                0.99648,                0.98761,                0.99435,                0.90939,                0.53219,                0.28573,                 0.8299,              0.0015347,              0.0015347,              0.0015347
                     49,                0.57615,                0.32073,                0.84166,                0.99724,                0.97461,                 0.9884,                0.86493,                 0.6386,                 0.3204,                0.85167,              0.0015248,              0.0015248,              0.0015248
                     50,                0.55086,                0.30863,                0.83877,                0.99794,                0.98669,                0.99418,                0.91767,                0.48925,                0.27595,                 0.8206,              0.0015149,              0.0015149,              0.0015149
                     51,                0.62739,                 0.3306,                0.85556,                0.99643,                0.96371,                0.97908,                0.85578,                0.68177,                0.30869,                0.88537,               0.001505,               0.001505,               0.001505
                     52,                0.61064,                0.32871,                 0.8571,                 0.9949,                 0.9886,                0.99485,                0.89824,                0.60665,                0.29686,                0.85226,              0.0014951,              0.0014951,              0.0014951
                     53,                0.59624,                 0.3195,                0.85856,                0.99831,                 0.9794,                0.99098,                0.90095,                0.51203,                0.28103,                0.82846,              0.0014852,              0.0014852,              0.0014852
                     54,                0.56569,                0.31004,                0.85734,                0.99758,                0.97923,                0.98997,                0.87167,                0.61673,                 0.3033,                0.85839,              0.0014753,              0.0014753,              0.0014753
                     55,                0.65552,                0.33551,                0.87331,                0.99575,                0.98257,                0.99089,                 0.8197,                0.82903,                 0.3613,                0.89905,              0.0014654,              0.0014654,              0.0014654
                     56,                0.67162,                0.35024,                0.86699,                 0.9963,                 0.9756,                0.98524,                0.80913,                 0.8329,                0.35115,                0.91562,              0.0014555,              0.0014555,              0.0014555
                     57,                0.59879,                 0.3266,                0.85025,                0.99434,                0.99033,                0.99478,                0.84933,                 0.7407,                  0.338,                0.88737,              0.0014456,              0.0014456,              0.0014456
                     58,                0.57166,                 0.3122,                0.84658,                0.99773,                0.97515,                0.98649,                0.90923,                 0.5032,                0.26812,                0.82971,              0.0014357,              0.0014357,              0.0014357
                     59,                0.55236,                0.30865,                0.84093,                0.99678,                0.98087,                0.99066,                0.90172,                0.57515,                0.29072,                0.85195,              0.0014258,              0.0014258,              0.0014258
                     60,                0.55547,                0.30723,                0.83228,                0.99694,                0.98186,                0.99054,                0.91266,                0.49242,                 0.2665,                0.82757,              0.0014159,              0.0014159,              0.0014159
                     61,                 0.5108,                0.29399,                0.83106,                0.99521,                0.98727,                0.99263,                 0.9121,                0.52313,                0.26732,                0.84196,               0.001406,               0.001406,               0.001406
                     62,                0.50534,                0.29602,                0.83097,                0.99858,                0.98558,                0.99287,                0.91662,                0.50631,                0.26631,                0.83034,              0.0013961,              0.0013961,              0.0013961
                     63,                0.50088,                0.28787,                0.83362,                0.99663,                0.97702,                0.98955,                0.90307,                0.54552,                 0.2778,                0.83861,              0.0013862,              0.0013862,              0.0013862
                     64,                0.50181,                0.29007,                0.83379,                0.99651,                0.97528,                0.98738,                0.91322,                0.48639,                0.26294,                0.81808,              0.0013763,              0.0013763,              0.0013763
                     65,                0.50011,                0.28766,                0.83207,                0.99839,                 0.9807,                0.99039,                0.92309,                0.46611,                0.26017,                0.81676,              0.0013664,              0.0013664,              0.0013664
                     66,                0.52662,                0.29617,                0.83715,                0.99837,                0.97639,                0.98843,                0.90648,                0.51861,                0.27776,                0.83508,              0.0013565,              0.0013565,              0.0013565
                     67,                0.50485,                0.29472,                0.82839,                0.99854,                0.97756,                0.98925,                0.81558,                0.79258,                0.37585,                0.91876,              0.0013466,              0.0013466,              0.0013466
                     68,                 0.5593,                0.30637,                0.83704,                0.99886,                0.97436,                0.98645,                0.90853,                 0.5064,                0.26643,                0.82838,              0.0013367,              0.0013367,              0.0013367
                     69,                0.53967,                0.30252,                0.83663,                0.99648,                0.98793,                0.99469,                0.90187,                0.56245,                0.28398,                0.83424,              0.0013268,              0.0013268,              0.0013268
                     70,                0.50393,                0.29069,                 0.8298,                 0.9985,                 0.9756,                0.98482,                 0.9158,                0.48442,                0.25361,                0.82271,              0.0013169,              0.0013169,              0.0013169
                     71,                0.46634,                 0.2753,                0.82496,                 0.9979,                0.98796,                0.99449,                0.94009,                 0.4343,                  0.241,                0.81117,               0.001307,               0.001307,               0.001307
                     72,                0.51754,                0.29407,                 0.8296,                0.99759,                0.98374,                0.99126,                  0.935,                0.41935,                0.24693,                0.81199,              0.0012971,              0.0012971,              0.0012971
                     73,                0.50579,                0.28969,                0.83215,                0.99756,                0.98574,                 0.9894,                0.89712,                   0.53,                0.27452,                0.82252,              0.0012872,              0.0012872,              0.0012872
                     74,                0.50459,                0.29315,                0.83309,                0.99775,                0.98412,                0.98981,                0.92463,                0.46663,                0.25546,                0.81751,              0.0012773,              0.0012773,              0.0012773
                     75,                0.51216,                0.29974,                0.83212,                0.99706,                 0.9667,                0.98166,                0.88356,                0.58559,                0.28055,                0.84677,              0.0012674,              0.0012674,              0.0012674
                     76,                0.46636,                0.27957,                0.82499,                0.99887,                0.97778,                0.98759,                0.89369,                0.52637,                0.26626,                0.84157,              0.0012575,              0.0012575,              0.0012575
                     77,                0.53424,                 0.2977,                0.83703,                0.99644,                  0.976,                0.98513,                0.89049,                0.51393,                  0.267,                0.83426,              0.0012476,              0.0012476,              0.0012476
                     78,                0.51133,                0.28803,                0.83408,                0.99723,                0.96883,                0.98306,                0.90344,                0.51175,                0.26513,                0.83165,              0.0012377,              0.0012377,              0.0012377
                     79,                0.58411,                0.30262,                0.84814,                0.99647,                 0.9878,                0.99471,                0.89932,                0.58922,                0.27644,                0.86157,              0.0012278,              0.0012278,              0.0012278
                     80,                0.54074,                0.29421,                0.83849,                0.99757,                0.97415,                0.98441,                  0.904,                0.53393,                0.26756,                0.83465,              0.0012179,              0.0012179,              0.0012179
                     81,                0.48254,                0.27686,                0.82354,                0.99839,                0.98329,                0.99041,                0.91241,                0.49224,                0.25538,                0.82297,               0.001208,               0.001208,               0.001208
                     82,                0.51556,                0.28696,                0.83007,                0.99743,                0.98219,                0.98849,                0.90911,                0.48535,                0.25457,                0.83164,              0.0011981,              0.0011981,              0.0011981
                     83,                0.45803,                0.27073,                 0.8192,                0.99648,                0.98628,                0.99148,                0.92818,                 0.4602,                 0.2454,                0.82157,              0.0011882,              0.0011882,              0.0011882
                     84,                0.46236,                0.27155,                0.82245,                0.99854,                 0.9734,                0.98566,                0.92098,                 0.5086,                0.25688,                0.82547,              0.0011783,              0.0011783,              0.0011783
                     85,                0.45556,                0.26791,                0.82013,                0.99743,                0.98245,                0.99176,                0.95361,                0.39621,                0.23761,                0.80575,              0.0011684,              0.0011684,              0.0011684
                     86,                0.46524,                0.27784,                0.82153,                 0.9966,                0.97667,                0.98933,                0.92488,                0.47006,                0.25069,                0.82215,              0.0011585,              0.0011585,              0.0011585
                     87,                0.46483,                0.27475,                0.82131,                 0.9971,                0.98137,                0.99062,                0.93805,                0.44996,                0.24776,                0.81875,              0.0011486,              0.0011486,              0.0011486
                     88,                0.45719,                0.27289,                0.82027,                0.99743,                0.98285,                0.98894,                 0.9147,                0.47308,                0.25483,                0.81946,              0.0011387,              0.0011387,              0.0011387
                     89,                0.42064,                0.26225,                0.81408,                0.99726,                0.97275,                0.98319,                0.93982,                0.40161,                0.23543,                0.80438,              0.0011288,              0.0011288,              0.0011288
                     90,                0.43209,                0.26241,                 0.8189,                0.99775,                0.98322,                0.98924,                0.91111,                0.49079,                0.24952,                0.82568,              0.0011189,              0.0011189,              0.0011189
                     91,                0.46989,                0.27383,                0.82287,                0.99772,                0.98051,                0.98747,                0.94618,                0.38511,                0.22906,                0.80586,               0.001109,               0.001109,               0.001109
                     92,                0.45285,                0.26735,                0.81392,                0.99755,                0.97782,                0.98892,                0.92137,                0.45696,                0.24369,                0.81058,              0.0010991,              0.0010991,              0.0010991
                     93,                0.43728,                0.25996,                0.81595,                0.99803,                0.98368,                0.98985,                0.93179,                 0.4213,                0.23018,                0.80943,              0.0010892,              0.0010892,              0.0010892
                     94,                0.42255,                0.25247,                0.81469,                 0.9971,                0.97956,                0.98908,                0.94401,                0.40791,                0.22827,                0.80713,              0.0010793,              0.0010793,              0.0010793
                     95,                0.44195,                0.26024,                0.81746,                0.99713,                0.98257,                0.98986,                0.92286,                0.47306,                0.24494,                0.82383,              0.0010694,              0.0010694,              0.0010694
                     96,                0.41939,                0.25305,                 0.8103,                0.99773,                0.97632,                0.98652,                0.94762,                0.38608,                0.21728,                0.80472,              0.0010595,              0.0010595,              0.0010595
                     97,                0.47519,                0.26869,                 0.8218,                0.99775,                0.98368,                0.98925,                0.93927,                0.40062,                0.22536,                0.80558,              0.0010496,              0.0010496,              0.0010496
                     98,                 0.4783,                0.27082,                0.81787,                0.99744,                0.98779,                0.99341,                0.94086,                 0.4108,                0.23314,                0.80399,              0.0010397,              0.0010397,              0.0010397
                     99,                0.50171,                0.27698,                0.82392,                0.99757,                0.97436,                0.98217,                0.88038,                0.58429,                0.26625,                0.83322,              0.0010298,              0.0010298,              0.0010298
                    100,                0.48096,                0.26845,                0.83242,                0.99742,                 0.9813,                0.98903,                0.92556,                0.45953,                0.23826,                0.82452,              0.0010199,              0.0010199,              0.0010199
                    101,                0.45261,                0.26397,                0.81809,                0.99824,                0.98661,                0.99128,                0.91318,                0.50597,                0.25332,                0.81722,                0.00101,                0.00101,                0.00101
                    102,                0.45493,                0.26676,                0.81401,                0.99806,                 0.9772,                0.98592,                0.92833,                0.43564,                0.23713,                0.80338,              0.0010001,              0.0010001,              0.0010001
                    103,                0.41914,                0.25726,                0.81233,                0.99754,                0.98479,                0.99055,                0.92701,                 0.4571,                0.24684,                0.81472,              0.0009902,              0.0009902,              0.0009902
                    104,                0.45681,                0.27264,                0.81664,                 0.9975,                0.98431,                0.99024,                0.95526,                0.36666,                0.22228,                0.79855,              0.0009803,              0.0009803,              0.0009803
                    105,                0.51885,                0.28111,                0.83206,                0.99775,                0.98582,                0.99106,                 0.9404,                0.40026,                0.23538,                0.80824,              0.0009704,              0.0009704,              0.0009704
                    106,                0.45551,                0.26496,                0.82015,                0.99791,                0.98299,                0.99063,                0.92176,                0.47578,                0.24238,                0.81604,              0.0009605,              0.0009605,              0.0009605
                    107,                0.43773,                0.25718,                0.81409,                0.99776,                0.98649,                0.99161,                0.93696,                0.43565,                0.24236,                0.81424,              0.0009506,              0.0009506,              0.0009506
                    108,                0.44211,                0.26191,                0.81869,                0.99806,                0.97988,                0.98923,                0.92522,                0.44694,                 0.2433,                0.81801,              0.0009407,              0.0009407,              0.0009407
                    109,                0.42634,                  0.258,                0.81436,                0.99801,                0.98859,                0.99486,                0.94773,                0.44257,                0.23641,                0.81814,              0.0009308,              0.0009308,              0.0009308
                    110,                0.39425,                0.24562,                0.80957,                0.99782,                0.97227,                0.98321,                0.93759,                0.42987,                0.22754,                 0.8117,              0.0009209,              0.0009209,              0.0009209
                    111,                0.38811,                 0.2429,                0.80469,                0.99787,                0.98669,                0.99196,                0.94649,                0.42309,                 0.2246,                0.81012,               0.000911,               0.000911,               0.000911
                    112,                  0.439,                0.25797,                0.81657,                0.99823,                0.98079,                0.98976,                0.95258,                0.37852,                0.22271,                0.79825,              0.0009011,              0.0009011,              0.0009011
                    113,                0.40006,                0.24506,                0.80824,                0.99697,                 0.9911,                0.99494,                0.96018,                0.37241,                0.21171,                0.80153,              0.0008912,              0.0008912,              0.0008912
                    114,                0.39042,                0.23953,                0.80785,                0.99822,                 0.9772,                0.98396,                0.92765,                0.42278,                0.22316,                0.80988,              0.0008813,              0.0008813,              0.0008813
                    115,                0.38318,                0.24227,                0.80571,                0.99791,                0.98479,                0.99071,                0.96071,                0.35806,                 0.2107,                0.79622,              0.0008714,              0.0008714,              0.0008714
                    116,                0.36037,                0.23327,                0.80374,                0.99823,                0.98376,                 0.9915,                0.94928,                0.40699,                0.21941,                0.80294,              0.0008615,              0.0008615,              0.0008615
                    117,                0.39017,                0.24125,                0.80497,                 0.9985,                0.97972,                0.99077,                0.94026,                0.42456,                0.22144,                0.81064,              0.0008516,              0.0008516,              0.0008516
                    118,                0.37332,                0.23327,                 0.8069,                0.99791,                0.98431,                 0.9921,                0.95517,                0.37711,                0.20702,                0.80104,              0.0008417,              0.0008417,              0.0008417
                    119,                0.42901,                0.24702,                0.82017,                0.99794,                0.98431,                0.99129,                0.92746,                0.48473,                0.24638,                 0.8171,              0.0008318,              0.0008318,              0.0008318
                    120,                0.38504,                0.23871,                0.80427,                 0.9979,                0.97651,                0.98729,                0.94188,                0.39365,                0.21776,                0.80309,              0.0008219,              0.0008219,              0.0008219
                    121,                0.35754,                0.23026,                0.80195,                0.99867,                0.98542,                0.99243,                0.93444,                0.42225,                0.22647,                0.80285,               0.000812,               0.000812,               0.000812
                    122,                0.39793,                 0.2431,                0.80571,                0.99822,                0.97746,                0.98779,                0.95815,                0.35937,                0.20839,                0.79722,              0.0008021,              0.0008021,              0.0008021
                    123,                0.42168,                0.24715,                0.81161,                0.99792,                 0.9892,                0.99492,                 0.9128,                0.47336,                 0.2492,                0.81668,              0.0007922,              0.0007922,              0.0007922
                    124,                0.45165,                0.25494,                0.82393,                0.99709,                0.97679,                0.98832,                0.91385,                0.48716,                0.23916,                0.81487,              0.0007823,              0.0007823,              0.0007823
                    125,                0.42679,                0.25101,                0.81563,                0.99785,                0.98463,                0.99182,                0.91532,                0.46473,                0.23401,                0.81842,              0.0007724,              0.0007724,              0.0007724
                    126,                0.43031,                0.25205,                0.81196,                0.99786,                0.98178,                0.99105,                0.95683,                0.34449,                0.20052,                0.79594,              0.0007625,              0.0007625,              0.0007625
                    127,                0.39255,                0.23913,                0.80775,                0.99828,                0.98209,                0.99068,                0.95205,                0.39229,                0.21605,                0.80057,              0.0007526,              0.0007526,              0.0007526
                    128,                0.37018,                0.23292,                0.80316,                0.99855,                0.98255,                0.99074,                0.95611,                0.37668,                0.20629,                0.79969,              0.0007427,              0.0007427,              0.0007427
                    129,                0.37414,                0.23181,                0.80695,                0.99825,                0.98035,                0.98949,                0.96138,                0.34436,                0.20725,                0.79444,              0.0007328,              0.0007328,              0.0007328
                    130,                0.37836,                 0.2323,                0.80604,                0.99839,                0.98344,                0.99073,                0.96668,                0.34215,                0.20124,                0.79387,              0.0007229,              0.0007229,              0.0007229
                    131,                0.38001,                0.23275,                0.80352,                0.99839,                0.98268,                0.99058,                0.95525,                0.36616,                 0.2069,                0.79733,               0.000713,               0.000713,               0.000713
                    132,                0.39914,                0.23684,                0.81001,                0.99794,                0.98923,                0.99446,                 0.9622,                  0.383,                0.21821,                 0.8004,              0.0007031,              0.0007031,              0.0007031
                    133,                0.39726,                0.23611,                0.80642,                0.99826,                0.97211,                0.98389,                0.90408,                0.51925,                0.24165,                0.82237,              0.0006932,              0.0006932,              0.0006932
                    134,                0.39373,                0.23394,                0.80984,                0.99853,                0.98558,                0.99077,                0.95181,                0.39312,                0.21142,                0.80529,              0.0006833,              0.0006833,              0.0006833
                    135,                0.39012,                0.23262,                0.80781,                0.99886,                0.97128,                0.98321,                0.91501,                0.45894,                0.22317,                0.82343,              0.0006734,              0.0006734,              0.0006734
                    136,                0.38845,                0.23492,                0.80886,                0.99855,                0.98236,                0.98973,                0.92173,                0.43908,                0.21839,                0.81216,              0.0006635,              0.0006635,              0.0006635
                    137,                0.37091,                0.22506,                0.80385,                0.99851,                0.98178,                0.98955,                0.96366,                0.34121,                0.19431,                0.79461,              0.0006536,              0.0006536,              0.0006536
                    138,                0.38318,                0.22895,                0.80816,                0.99839,                0.98336,                0.99023,                0.95876,                0.35676,                0.20185,                0.79538,              0.0006437,              0.0006437,              0.0006437
                    139,                0.36025,                0.22458,                0.80352,                 0.9984,                0.98763,                0.99254,                0.95899,                0.36845,                0.20855,                 0.7972,              0.0006338,              0.0006338,              0.0006338
                    140,                0.37647,                0.23051,                0.80335,                0.99822,                0.97811,                0.98917,                0.95974,                0.36987,                0.20538,                0.79833,              0.0006239,              0.0006239,              0.0006239
                    141,                0.35177,                0.21974,                0.79767,                0.99839,                0.98215,                 0.9902,                0.96455,                0.35387,                0.20046,                0.79614,               0.000614,               0.000614,               0.000614
                    142,                0.37112,                 0.2268,                0.80348,                0.99855,                0.98019,                0.98998,                0.95078,                0.38968,                0.20583,                0.80426,              0.0006041,              0.0006041,              0.0006041
                    143,                0.37025,                 0.2264,                0.80253,                 0.9984,                0.99058,                0.99494,                  0.962,                0.37476,                0.20691,                0.80002,              0.0005942,              0.0005942,              0.0005942
                    144,                0.35003,                0.22133,                0.79824,                0.99806,                0.97966,                0.99002,                0.95964,                 0.3602,                0.19998,                0.79283,              0.0005843,              0.0005843,              0.0005843
                    145,                0.33838,                0.21565,                0.80028,                0.99805,                0.98273,                 0.9911,                0.96665,                0.35797,                 0.1972,                0.79532,              0.0005744,              0.0005744,              0.0005744
                    146,                0.35114,                0.21926,                0.79881,                0.99855,                0.98423,                0.99164,                0.96308,                0.35282,                0.19536,                0.79695,              0.0005645,              0.0005645,              0.0005645
                    147,                 0.3427,                0.21933,                 0.7985,                0.99872,                0.98764,                0.99473,                0.96197,                0.37744,                 0.2073,                0.79921,              0.0005546,              0.0005546,              0.0005546
                    148,                0.33766,                0.21474,                0.79584,                0.99887,                0.97698,                0.98933,                0.96591,                0.34174,                0.19363,                0.79293,              0.0005447,              0.0005447,              0.0005447
                    149,                0.33061,                0.21313,                0.79683,                0.99824,                0.98583,                0.99224,                0.96736,                0.35264,                0.19463,                0.79637,              0.0005348,              0.0005348,              0.0005348
                    150,                0.32511,                0.20899,                0.79708,                0.99854,                0.97828,                0.99007,                0.96501,                0.34917,                0.19135,                0.79639,              0.0005249,              0.0005249,              0.0005249
                    151,                0.32003,                0.20895,                0.79678,                0.99823,                0.98128,                 0.9907,                0.95966,                0.36929,                0.19636,                0.80018,               0.000515,               0.000515,               0.000515
                    152,                0.32602,                0.20746,                0.79977,                0.99856,                0.98807,                0.99342,                0.95426,                0.38929,                0.20171,                0.80462,              0.0005051,              0.0005051,              0.0005051
                    153,                0.32688,                0.21059,                0.79492,                0.99839,                0.98004,                0.99004,                0.96965,                0.33047,                0.18754,                0.79255,              0.0004952,              0.0004952,              0.0004952
                    154,                0.32559,                 0.2083,                0.79949,                0.99932,                0.98463,                0.99197,                0.97166,                0.33364,                0.19074,                0.79032,              0.0004853,              0.0004853,              0.0004853
                    155,                0.31854,                0.20557,                0.79721,                0.99839,                0.98225,                 0.9904,                 0.9717,                0.31948,                0.18286,                0.79073,              0.0004754,              0.0004754,              0.0004754
                    156,                0.32095,                 0.2056,                0.79623,                 0.9985,                 0.9775,                0.98827,                0.96208,                0.34949,                0.19096,                0.79571,              0.0004655,              0.0004655,              0.0004655
                    157,                0.34132,                0.21231,                0.79762,                0.99821,                0.98653,                0.99285,                0.96638,                 0.3621,                0.19806,                0.79567,              0.0004556,              0.0004556,              0.0004556
                    158,                0.35122,                0.21602,                0.79834,                0.99903,                0.97526,                0.98764,                0.95912,                  0.369,                0.19719,                0.79955,              0.0004457,              0.0004457,              0.0004457
                    159,                0.34462,                0.21386,                0.79998,                 0.9986,                0.98336,                 0.9918,                0.97146,                0.32509,                 0.1862,                0.78987,              0.0004358,              0.0004358,              0.0004358
                    160,                 0.3411,                0.21211,                0.79939,                0.99887,                0.98318,                0.99124,                0.95452,                0.39094,                0.20599,                0.79874,              0.0004259,              0.0004259,              0.0004259
                    161,                0.32244,                0.20811,                0.79632,                0.99855,                0.98003,                0.99001,                0.97312,                0.30357,                0.18028,                0.78739,               0.000416,               0.000416,               0.000416
                    162,                0.31075,                0.20351,                0.79209,                0.99936,                0.98428,                0.99167,                 0.9729,                0.31622,                0.18239,                0.78796,              0.0004061,              0.0004061,              0.0004061
                    163,                 0.3287,                0.20902,                0.79436,                0.99901,                0.97782,                0.98952,                 0.9682,                 0.3375,                0.18883,                0.79136,              0.0003962,              0.0003962,              0.0003962
                    164,                0.31555,                 0.2057,                0.79235,                0.99872,                0.98621,                0.99215,                0.96828,                 0.3444,                0.18822,                0.79379,              0.0003863,              0.0003863,              0.0003863
                    165,                0.31863,                0.20717,                0.79395,                0.99903,                0.98285,                0.99069,                0.96816,                0.34261,                0.18827,                0.79351,              0.0003764,              0.0003764,              0.0003764
                    166,                0.30297,                0.19982,                0.79419,                0.99845,                0.98606,                0.99246,                0.97287,                0.32709,                0.18524,                0.79167,              0.0003665,              0.0003665,              0.0003665
                    167,                0.31767,                0.20487,                 0.7955,                0.99833,                0.98067,                 0.9902,                 0.9691,                0.33764,                  0.189,                0.79226,              0.0003566,              0.0003566,              0.0003566
                    168,                0.32329,                0.20805,                0.79387,                 0.9986,                 0.9832,                 0.9911,                0.96968,                0.33788,                0.18848,                0.79175,              0.0003467,              0.0003467,              0.0003467
                    169,                0.32593,                 0.2087,                0.79475,                0.99888,                0.98653,                0.99319,                0.96174,                0.37314,                0.19716,                0.79789,              0.0003368,              0.0003368,              0.0003368
                    170,                0.32765,                0.20786,                0.79598,                0.99871,                0.98318,                0.99138,                0.97273,                0.31528,                0.18481,                0.78942,              0.0003269,              0.0003269,              0.0003269
                    171,                0.30518,                0.20063,                0.79265,                0.99864,                 0.9832,                0.99099,                 0.9754,                0.29505,                0.17731,                0.78605,               0.000317,               0.000317,               0.000317
                    172,                0.30666,                0.20189,                0.79289,                0.99838,                0.97839,                0.98961,                0.96551,                0.35229,                0.19117,                0.79296,              0.0003071,              0.0003071,              0.0003071
                    173,                0.30576,                0.20031,                0.79395,                0.99887,                0.98463,                0.99178,                0.96931,                0.34166,                0.18493,                0.79456,              0.0002972,              0.0002972,              0.0002972
                    174,                 0.3096,                0.20166,                0.79524,                0.99854,                0.98305,                0.99078,                0.96854,                0.34251,                0.18769,                 0.7925,              0.0002873,              0.0002873,              0.0002873
                    175,                0.30828,                0.20235,                0.79242,                0.99855,                0.98233,                0.99084,                  0.972,                0.33126,                0.18361,                0.79292,              0.0002774,              0.0002774,              0.0002774
                    176,                0.30661,                0.20075,                0.79253,                0.99858,                0.97924,                   0.99,                0.97193,                0.32676,                0.18316,                0.79102,              0.0002675,              0.0002675,              0.0002675
                    177,                0.30784,                0.20188,                0.79185,                0.99898,                0.98209,                0.99061,                0.96489,                0.35743,                0.19249,                0.79707,              0.0002576,              0.0002576,              0.0002576
                    178,                0.29535,                0.19517,                0.79117,                0.99862,                0.98305,                0.99111,                0.96982,                0.33498,                0.18636,                0.79326,              0.0002477,              0.0002477,              0.0002477
                    179,                0.30174,                0.19731,                0.79235,                0.99871,                0.98332,                0.99143,                0.97375,                0.32131,                0.18094,                0.79077,              0.0002378,              0.0002378,              0.0002378
                    180,                 0.2963,                0.19479,                 0.7927,                0.99919,                0.98242,                0.99107,                0.97362,                0.31924,                0.18007,                0.79049,              0.0002279,              0.0002279,              0.0002279
                    181,                0.30736,                0.19957,                0.79152,                0.99817,                0.98305,                 0.9913,                0.97249,                 0.3361,                0.18275,                0.79246,               0.000218,               0.000218,               0.000218
                    182,                0.28808,                0.19258,                0.79384,                0.99903,                0.98078,                0.99049,                0.96811,                0.34993,                0.18629,                0.79691,              0.0002081,              0.0002081,              0.0002081
                    183,                0.28889,                0.19373,                0.79134,                0.99871,                0.98418,                0.99165,                0.96754,                0.34837,                0.18719,                0.79493,              0.0001982,              0.0001982,              0.0001982
                    184,                0.29441,                0.19465,                0.78917,                0.99924,                0.98051,                0.99069,                0.97294,                0.32326,                0.17909,                0.79178,              0.0001883,              0.0001883,              0.0001883
                    185,                0.28709,                0.19225,                0.78965,                0.99933,                0.98415,                0.99163,                 0.9748,                0.31856,                0.17836,                0.78963,              0.0001784,              0.0001784,              0.0001784
                    186,                0.29178,                 0.1943,                0.79163,                0.99919,                0.98189,                0.99097,                0.97222,                0.33021,                0.18101,                0.79232,              0.0001685,              0.0001685,              0.0001685
                    187,                0.28474,                0.19106,                0.79078,                0.99839,                0.98205,                0.99074,                0.97112,                0.33522,                0.18223,                0.79287,              0.0001586,              0.0001586,              0.0001586
                    188,                0.28812,                0.19194,                0.78957,                0.99868,                0.98479,                 0.9919,                0.97199,                0.32945,                0.18028,                0.79176,              0.0001487,              0.0001487,              0.0001487
                    189,                 0.2875,                0.19198,                0.79076,                0.99878,                0.97845,                0.98998,                0.97489,                0.30497,                0.17427,                0.78748,              0.0001388,              0.0001388,              0.0001388
                    190,                0.46373,                0.28242,                0.83712,                 0.9987,                 0.9748,                0.98613,                0.92197,                0.47692,                0.22385,                0.81832,              0.0001289,              0.0001289,              0.0001289
                    191,                0.40297,                0.23863,                 0.8108,                0.99871,                0.98204,                0.98707,                0.91828,                0.45787,                0.22549,                0.81772,               0.000119,               0.000119,               0.000119
                    192,                0.35943,                0.22244,                0.80343,                0.99835,                0.98558,                0.98741,                0.92848,                0.42318,                 0.2168,                0.80229,              0.0001091,              0.0001091,              0.0001091
                    193,                0.33095,                0.20836,                0.79585,                 0.9986,                0.97782,                0.98176,                0.92157,                0.43411,                0.22045,                0.80547,               9.92e-05,               9.92e-05,               9.92e-05
                    194,                0.32524,                0.20732,                0.79216,                0.99871,                0.97814,                0.98372,                0.95031,                0.35275,                0.20049,                0.79351,               8.93e-05,               8.93e-05,               8.93e-05
                    195,                0.31431,                 0.2024,                0.79046,                0.99883,                0.98003,                0.98872,                0.95412,                0.35106,                0.19995,                 0.7886,               7.94e-05,               7.94e-05,               7.94e-05
                    196,                0.29891,                0.19561,                0.79064,                0.99928,                0.97782,                0.98823,                0.96077,                0.32385,                0.19471,                 0.7864,               6.95e-05,               6.95e-05,               6.95e-05
                    197,                0.30367,                0.19873,                0.79104,                0.99915,                0.98225,                0.98987,                0.96941,                0.29207,                0.18552,                0.78256,               5.96e-05,               5.96e-05,               5.96e-05
                    198,                0.29279,                0.19234,                0.78658,                0.99916,                 0.9813,                0.98961,                0.96666,                0.30687,                0.18937,                0.78192,               4.97e-05,               4.97e-05,               4.97e-05
                    199,                0.28536,                0.18979,                0.78823,                0.99919,                 0.9775,                0.98498,                  0.963,                0.30443,                 0.1876,                0.78331,               3.98e-05,               3.98e-05,               3.98e-05
